{
    "parent": "time:a/c_rank",
    "display": {
        "title": {
            "text": "B rank",
            "color": "green",
            "bold": true
        },
        "description": {
            "text": "Maintaining a steady pace, demonstrating solid parkour skills!",
            "color": "white",
            "bold": false
        },
        "icon": {
            "id": "minecraft:gold_ingot"
        },
        "frame": "goal",
        "show_toast": false,
        "announce_to_chat": false,
        "hidden": true
    },
    "criteria": {
        "main": {
            "trigger": "minecraft:impossible"
        }
    }
}